{
    "images": [
        {
            "height": 600,
            "width": 800,
            "id": 0,
            "file_name": "ChoImg1.jpg"
        },
        {
            "height": 600,
            "width": 800,
            "id": 1,
            "file_name": "ChoImg10.jpg"
        },
        {
            "height": 600,
            "width": 800,
            "id": 2,
            "file_name": "ChoImg100.jpg"
        },
        {
            "height": 600,
            "width": 800,
            "id": 3,
            "file_name": "ChoImg101.jpg"
        },
        {
            "height": 600,
            "width": 800,
            "id": 4,
            "file_name": "ChoImg102.jpg"
        },
        {
            "height": 600,
            "width": 800,
            "id": 5,
            "file_name": "ChoImg103.jpg"
        },
        {
            "height": 600,
            "width": 800,
            "id": 6,
            "file_name": "ChoImg104.jpg"
        },
        {
            "height": 600,
            "width": 800,
            "id": 7,
            "file_name": "ChoImg105.jpg"
        },
        {
            "height": 600,
            "width": 800,
            "id": 8,
            "file_name": "ChoImg106.jpg"
        },
        {
            "height": 600,
            "width": 800,
            "id": 9,
            "file_name": "ChoImg107.jpg"
        }
    ],
    "categories": [
        {
            "supercategory": "legend",
            "id": 0,
            "name": "legend"
        },
        {
            "supercategory": "title",
            "id": 1,
            "name": "title"
        }
    ],
    "annotations": [
        {
            "segmentation": [
                [
                    692.2197802197802,
                    408.24175824175825,
                    693.3186813186813,
                    543.4065934065934,
                    772.4395604395604,
                    543.9560439560439,
                    770.2417582417582,
                    409.8901098901099
                ]
            ],
            "iscrowd": 0,
            "area": 10575.111701485352,
            "image_id": 0,
            "bbox": [
                692.0,
                408.0,
                80.0,
                135.0
            ],
            "category_id": 0,
            "id": 1
        },
        {
            "segmentation": [
                [
                    446.6153846153846,
                    502.74725274725273,
                    447.7142857142857,
                    552.1978021978022,
                    563.6483516483516,
                    551.6483516483516,
                    569.6923076923076,
                    497.8021978021978
                ]
            ],
            "iscrowd": 0,
            "area": 6165.469146238407,
            "image_id": 0,
            "bbox": [
                446.0,
                497.0,
                123.0,
                55.0
            ],
            "category_id": 1,
            "id": 2
        },
        {
            "segmentation": [
                [
                    251.56043956043953,
                    462.6373626373626,
                    247.16483516483515,
                    531.3186813186813,
                    316.3956043956044,
                    530.2197802197802,
                    316.94505494505495,
                    462.08791208791206
                ]
            ],
            "iscrowd": 0,
            "area": 4602.252143460966,
            "image_id": 0,
            "bbox": [
                247.0,
                462.0,
                69.0,
                69.0
            ],
            "category_id": 0,
            "id": 3
        },
        {
            "segmentation": [
                [
                    6.505494505494504,
                    235.7142857142857,
                    7.604395604395606,
                    413.7362637362637,
                    88.37362637362637,
                    410.989010989011,
                    88.92307692307692,
                    234.06593406593404
                ]
            ],
            "iscrowd": 0,
            "area": 14481.191885038035,
            "image_id": 1,
            "bbox": [
                6.0,
                234.0,
                82.0,
                179.0
            ],
            "category_id": 0,
            "id": 4
        },
        {
            "segmentation": [
                [
                    19.692307692307693,
                    10.989010989010989,
                    19.692307692307693,
                    36.26373626373626,
                    394.4175824175824,
                    35.714285714285715,
                    396.6153846153846,
                    9.340659340659341
                ]
            ],
            "iscrowd": 0,
            "area": 9704.14201183432,
            "image_id": 1,
            "bbox": [
                19.0,
                9.0,
                377.0,
                27.0
            ],
            "category_id": 1,
            "id": 5
        },
        {
            "segmentation": [
                [
                    221.34065934065933,
                    42.857142857142854,
                    219.69230769230768,
                    111.53846153846153,
                    490.02197802197804,
                    119.23076923076923,
                    492.7692307692307,
                    44.505494505494504
                ]
            ],
            "iscrowd": 0,
            "area": 19433.19043593768,
            "image_id": 2,
            "bbox": [
                219.0,
                42.0,
                273.0,
                77.0
            ],
            "category_id": 1,
            "id": 6
        },
        {
            "segmentation": [
                [
                    614.7472527472527,
                    347.8021978021978,
                    612.5494505494505,
                    454.94505494505495,
                    790.021978021978,
                    454.94505494505495,
                    793.8681318681319,
                    346.7032967032967
                ]
            ],
            "iscrowd": 0,
            "area": 19199.52300446818,
            "image_id": 2,
            "bbox": [
                612.0,
                346.0,
                181.0,
                108.0
            ],
            "category_id": 0,
            "id": 7
        },
        {
            "segmentation": [
                [
                    0.4615384615384599,
                    356.5934065934066,
                    2.659340659340657,
                    597.2527472527472,
                    144.41758241758242,
                    597.8021978021978,
                    142.2197802197802,
                    358.24175824175825
                ]
            ],
            "iscrowd": 0,
            "area": 34035.14068349231,
            "image_id": 3,
            "bbox": [
                0.0,
                356.0,
                144.0,
                241.0
            ],
            "category_id": 0,
            "id": 8
        },
        {
            "segmentation": [
                [
                    1.0109890109890074,
                    1.0989010989010988,
                    3.758241758241759,
                    189.010989010989,
                    161.45054945054943,
                    189.56043956043956,
                    159.80219780219778,
                    0.0,
                    155.4065934065934,
                    2.7472527472527473
                ]
            ],
            "iscrowd": 0,
            "area": 29650.85738437386,
            "image_id": 4,
            "bbox": [
                1.0,
                0.0,
                160.0,
                189.0
            ],
            "category_id": 0,
            "id": 9
        },
        {
            "segmentation": [
                [
                    43.318681318681314,
                    267.5824175824176,
                    42.21978021978022,
                    408.24175824175825,
                    238.37362637362634,
                    408.79120879120876,
                    243.31868131868129,
                    265.38461538461536
                ]
            ],
            "iscrowd": 0,
            "area": 28130.962444149263,
            "image_id": 5,
            "bbox": [
                42.0,
                265.0,
                201.0,
                143.0
            ],
            "category_id": 0,
            "id": 10
        },
        {
            "segmentation": [
                [
                    380.68131868131866,
                    9.340659340659341,
                    380.13186813186815,
                    41.75824175824176,
                    763.6483516483516,
                    42.857142857142854,
                    764.1978021978022,
                    13.736263736263735
                ]
            ],
            "iscrowd": 0,
            "area": 11802.016664654024,
            "image_id": 5,
            "bbox": [
                380.0,
                9.0,
                384.0,
                33.0
            ],
            "category_id": 1,
            "id": 11
        },
        {
            "segmentation": [
                [
                    16.395604395604394,
                    97.25274725274726,
                    15.846153846153847,
                    210.43956043956044,
                    169.69230769230768,
                    216.48351648351647,
                    171.89010989010987,
                    101.0989010989011
                ]
            ],
            "iscrowd": 0,
            "area": 17683.401763072092,
            "image_id": 6,
            "bbox": [
                15.0,
                97.0,
                156.0,
                119.0
            ],
            "category_id": 0,
            "id": 12
        },
        {
            "segmentation": [
                [
                    21.89010989010989,
                    17.032967032967033,
                    20.24175824175824,
                    65.38461538461539,
                    320.24175824175825,
                    73.62637362637362,
                    322.989010989011,
                    18.13186813186813
                ]
            ],
            "iscrowd": 0,
            "area": 15615.716700881534,
            "image_id": 6,
            "bbox": [
                20.0,
                17.0,
                302.0,
                56.0
            ],
            "category_id": 1,
            "id": 13
        },
        {
            "segmentation": [
                [
                    614.1978021978022,
                    59.89010989010989,
                    610.9010989010989,
                    571.978021978022,
                    799.0,
                    574.0,
                    797.7142857142857,
                    59.89010989010989
                ]
            ],
            "iscrowd": 0,
            "area": 95338.7392826954,
            "image_id": 7,
            "bbox": [
                610.0,
                59.0,
                189.0,
                515.0
            ],
            "category_id": 0,
            "id": 14
        },
        {
            "segmentation": [
                [
                    629.5824175824175,
                    22.527472527472526,
                    629.5824175824175,
                    53.29670329670329,
                    760.9010989010989,
                    54.395604395604394,
                    760.9010989010989,
                    21.428571428571427
                ]
            ],
            "iscrowd": 0,
            "area": 4184.881053012919,
            "image_id": 7,
            "bbox": [
                629.0,
                21.0,
                131.0,
                33.0
            ],
            "category_id": 1,
            "id": 15
        },
        {
            "segmentation": [
                [
                    30.681318681318686,
                    493.4065934065934,
                    25.736263736263737,
                    596.1538461538462,
                    309.2527472527472,
                    596.1538461538462,
                    310.35164835164835,
                    501.64835164835165
                ]
            ],
            "iscrowd": 0,
            "area": 27784.989735539217,
            "image_id": 8,
            "bbox": [
                25.0,
                493.0,
                285.0,
                103.0
            ],
            "category_id": 0,
            "id": 16
        },
        {
            "segmentation": [
                [
                    617.4945054945055,
                    462.6373626373626,
                    614.1978021978022,
                    569.7802197802198,
                    760.9010989010989,
                    571.978021978022,
                    761.4505494505494,
                    459.34065934065933
                ]
            ],
            "iscrowd": 0,
            "area": 15969.236807148904,
            "image_id": 9,
            "bbox": [
                614.0,
                459.0,
                147.0,
                112.0
            ],
            "category_id": 0,
            "id": 17
        },
        {
            "segmentation": [
                [
                    25.186813186813183,
                    11.538461538461538,
                    24.637362637362635,
                    81.86813186813187,
                    408.7032967032967,
                    85.71428571428571,
                    410.35164835164835,
                    9.89010989010989
                ]
            ],
            "iscrowd": 0,
            "area": 28107.71645936481,
            "image_id": 9,
            "bbox": [
                24.0,
                9.0,
                386.0,
                76.0
            ],
            "category_id": 1,
            "id": 18
        }
    ]
}